filename,object_location,image_small,image_thumb
210a.jpg,/objects/210a.jpg,/objects/small/210a_sm.jpg,/objects/thumbs/210a_th.jpg
210b.jpg,/objects/210b.jpg,/objects/small/210b_sm.jpg,/objects/thumbs/210b_th.jpg
IMG_2516.jpg,/objects/IMG_2516.jpg,/objects/small/img_2516_sm.jpg,/objects/thumbs/img_2516_th.jpg
IMG_2517.jpg,/objects/IMG_2517.jpg,/objects/small/img_2517_sm.jpg,/objects/thumbs/img_2517_th.jpg
IMG_2518.jpg,/objects/IMG_2518.jpg,/objects/small/img_2518_sm.jpg,/objects/thumbs/img_2518_th.jpg
IMG_2519.jpg,/objects/IMG_2519.jpg,/objects/small/img_2519_sm.jpg,/objects/thumbs/img_2519_th.jpg
IMG_2520.jpg,/objects/IMG_2520.jpg,/objects/small/img_2520_sm.jpg,/objects/thumbs/img_2520_th.jpg
IMG_2521.jpg,/objects/IMG_2521.jpg,/objects/small/img_2521_sm.jpg,/objects/thumbs/img_2521_th.jpg
IMG_2522.jpg,/objects/IMG_2522.jpg,/objects/small/img_2522_sm.jpg,/objects/thumbs/img_2522_th.jpg
IMG_2523.jpg,/objects/IMG_2523.jpg,/objects/small/img_2523_sm.jpg,/objects/thumbs/img_2523_th.jpg
IMG_2524.jpg,/objects/IMG_2524.jpg,/objects/small/img_2524_sm.jpg,/objects/thumbs/img_2524_th.jpg
IMG_2525.jpg,/objects/IMG_2525.jpg,/objects/small/img_2525_sm.jpg,/objects/thumbs/img_2525_th.jpg
IMG_2526.jpg,/objects/IMG_2526.jpg,/objects/small/img_2526_sm.jpg,/objects/thumbs/img_2526_th.jpg
IMG_2527.jpg,/objects/IMG_2527.jpg,/objects/small/img_2527_sm.jpg,/objects/thumbs/img_2527_th.jpg
IMG_2528.jpg,/objects/IMG_2528.jpg,/objects/small/img_2528_sm.jpg,/objects/thumbs/img_2528_th.jpg
IMG_2529.jpg,/objects/IMG_2529.jpg,/objects/small/img_2529_sm.jpg,/objects/thumbs/img_2529_th.jpg
IMG_2530.jpg,/objects/IMG_2530.jpg,/objects/small/img_2530_sm.jpg,/objects/thumbs/img_2530_th.jpg
IMG_2531.jpg,/objects/IMG_2531.jpg,/objects/small/img_2531_sm.jpg,/objects/thumbs/img_2531_th.jpg
IMG_2532.jpg,/objects/IMG_2532.jpg,/objects/small/img_2532_sm.jpg,/objects/thumbs/img_2532_th.jpg
IMG_2533.jpg,/objects/IMG_2533.jpg,/objects/small/img_2533_sm.jpg,/objects/thumbs/img_2533_th.jpg
IMG_2534.jpg,/objects/IMG_2534.jpg,/objects/small/img_2534_sm.jpg,/objects/thumbs/img_2534_th.jpg
IMG_2535.jpg,/objects/IMG_2535.jpg,/objects/small/img_2535_sm.jpg,/objects/thumbs/img_2535_th.jpg
IMG_2536.jpg,/objects/IMG_2536.jpg,/objects/small/img_2536_sm.jpg,/objects/thumbs/img_2536_th.jpg
IMG_2537.jpg,/objects/IMG_2537.jpg,/objects/small/img_2537_sm.jpg,/objects/thumbs/img_2537_th.jpg
IMG_2538.jpg,/objects/IMG_2538.jpg,/objects/small/img_2538_sm.jpg,/objects/thumbs/img_2538_th.jpg
IMG_2539.jpg,/objects/IMG_2539.jpg,/objects/small/img_2539_sm.jpg,/objects/thumbs/img_2539_th.jpg
IMG_2540.jpg,/objects/IMG_2540.jpg,/objects/small/img_2540_sm.jpg,/objects/thumbs/img_2540_th.jpg
IMG_2541.jpg,/objects/IMG_2541.jpg,/objects/small/img_2541_sm.jpg,/objects/thumbs/img_2541_th.jpg
IMG_2542.jpg,/objects/IMG_2542.jpg,/objects/small/img_2542_sm.jpg,/objects/thumbs/img_2542_th.jpg
IMG_2543.jpg,/objects/IMG_2543.jpg,/objects/small/img_2543_sm.jpg,/objects/thumbs/img_2543_th.jpg
IMG_2544.jpg,/objects/IMG_2544.jpg,/objects/small/img_2544_sm.jpg,/objects/thumbs/img_2544_th.jpg
IMG_2545.jpg,/objects/IMG_2545.jpg,/objects/small/img_2545_sm.jpg,/objects/thumbs/img_2545_th.jpg
IMG_2546.jpg,/objects/IMG_2546.jpg,/objects/small/img_2546_sm.jpg,/objects/thumbs/img_2546_th.jpg
IMG_2547.jpg,/objects/IMG_2547.jpg,/objects/small/img_2547_sm.jpg,/objects/thumbs/img_2547_th.jpg
IMG_2548.jpg,/objects/IMG_2548.jpg,/objects/small/img_2548_sm.jpg,/objects/thumbs/img_2548_th.jpg
IMG_2549.jpg,/objects/IMG_2549.jpg,/objects/small/img_2549_sm.jpg,/objects/thumbs/img_2549_th.jpg
IMG_2550.jpg,/objects/IMG_2550.jpg,/objects/small/img_2550_sm.jpg,/objects/thumbs/img_2550_th.jpg
IMG_2551.jpg,/objects/IMG_2551.jpg,/objects/small/img_2551_sm.jpg,/objects/thumbs/img_2551_th.jpg
IMG_2552.jpg,/objects/IMG_2552.jpg,/objects/small/img_2552_sm.jpg,/objects/thumbs/img_2552_th.jpg
IMG_2553.jpg,/objects/IMG_2553.jpg,/objects/small/img_2553_sm.jpg,/objects/thumbs/img_2553_th.jpg
IMG_2554.jpg,/objects/IMG_2554.jpg,/objects/small/img_2554_sm.jpg,/objects/thumbs/img_2554_th.jpg
IMG_2555.jpg,/objects/IMG_2555.jpg,/objects/small/img_2555_sm.jpg,/objects/thumbs/img_2555_th.jpg
IMG_2556.jpg,/objects/IMG_2556.jpg,/objects/small/img_2556_sm.jpg,/objects/thumbs/img_2556_th.jpg
IMG_2557.jpg,/objects/IMG_2557.jpg,/objects/small/img_2557_sm.jpg,/objects/thumbs/img_2557_th.jpg
IMG_2558.jpg,/objects/IMG_2558.jpg,/objects/small/img_2558_sm.jpg,/objects/thumbs/img_2558_th.jpg
IMG_2559.jpg,/objects/IMG_2559.jpg,/objects/small/img_2559_sm.jpg,/objects/thumbs/img_2559_th.jpg
IMG_2560.jpg,/objects/IMG_2560.jpg,/objects/small/img_2560_sm.jpg,/objects/thumbs/img_2560_th.jpg
IMG_2561.jpg,/objects/IMG_2561.jpg,/objects/small/img_2561_sm.jpg,/objects/thumbs/img_2561_th.jpg
IMG_2562.jpg,/objects/IMG_2562.jpg,/objects/small/img_2562_sm.jpg,/objects/thumbs/img_2562_th.jpg
IMG_2563.jpg,/objects/IMG_2563.jpg,/objects/small/img_2563_sm.jpg,/objects/thumbs/img_2563_th.jpg
IMG_2564.jpg,/objects/IMG_2564.jpg,/objects/small/img_2564_sm.jpg,/objects/thumbs/img_2564_th.jpg
IMG_2565.jpg,/objects/IMG_2565.jpg,/objects/small/img_2565_sm.jpg,/objects/thumbs/img_2565_th.jpg
IMG_2566.jpg,/objects/IMG_2566.jpg,/objects/small/img_2566_sm.jpg,/objects/thumbs/img_2566_th.jpg
IMG_2567.jpg,/objects/IMG_2567.jpg,/objects/small/img_2567_sm.jpg,/objects/thumbs/img_2567_th.jpg
IMG_2568.jpg,/objects/IMG_2568.jpg,/objects/small/img_2568_sm.jpg,/objects/thumbs/img_2568_th.jpg
IMG_2569.jpg,/objects/IMG_2569.jpg,/objects/small/img_2569_sm.jpg,/objects/thumbs/img_2569_th.jpg
IMG_2570.jpg,/objects/IMG_2570.jpg,/objects/small/img_2570_sm.jpg,/objects/thumbs/img_2570_th.jpg
IMG_2571.jpg,/objects/IMG_2571.jpg,/objects/small/img_2571_sm.jpg,/objects/thumbs/img_2571_th.jpg
IMG_2572.jpg,/objects/IMG_2572.jpg,/objects/small/img_2572_sm.jpg,/objects/thumbs/img_2572_th.jpg
IMG_2573.jpg,/objects/IMG_2573.jpg,/objects/small/img_2573_sm.jpg,/objects/thumbs/img_2573_th.jpg
IMG_2574.jpg,/objects/IMG_2574.jpg,/objects/small/img_2574_sm.jpg,/objects/thumbs/img_2574_th.jpg
IMG_2575.jpg,/objects/IMG_2575.jpg,/objects/small/img_2575_sm.jpg,/objects/thumbs/img_2575_th.jpg
IMG_2576.jpg,/objects/IMG_2576.jpg,/objects/small/img_2576_sm.jpg,/objects/thumbs/img_2576_th.jpg
IMG_2577.jpg,/objects/IMG_2577.jpg,/objects/small/img_2577_sm.jpg,/objects/thumbs/img_2577_th.jpg
IMG_2578.jpg,/objects/IMG_2578.jpg,/objects/small/img_2578_sm.jpg,/objects/thumbs/img_2578_th.jpg
IMG_2580.jpg,/objects/IMG_2580.jpg,/objects/small/img_2580_sm.jpg,/objects/thumbs/img_2580_th.jpg
IMG_2581.jpg,/objects/IMG_2581.jpg,/objects/small/img_2581_sm.jpg,/objects/thumbs/img_2581_th.jpg
IMG_2582.jpg,/objects/IMG_2582.jpg,/objects/small/img_2582_sm.jpg,/objects/thumbs/img_2582_th.jpg
IMG_2583.jpg,/objects/IMG_2583.jpg,/objects/small/img_2583_sm.jpg,/objects/thumbs/img_2583_th.jpg
IMG_2584.jpg,/objects/IMG_2584.jpg,/objects/small/img_2584_sm.jpg,/objects/thumbs/img_2584_th.jpg
IMG_2585.jpg,/objects/IMG_2585.jpg,/objects/small/img_2585_sm.jpg,/objects/thumbs/img_2585_th.jpg
IMG_2586.jpg,/objects/IMG_2586.jpg,/objects/small/img_2586_sm.jpg,/objects/thumbs/img_2586_th.jpg
IMG_2587.jpg,/objects/IMG_2587.jpg,/objects/small/img_2587_sm.jpg,/objects/thumbs/img_2587_th.jpg
IMG_2588.jpg,/objects/IMG_2588.jpg,/objects/small/img_2588_sm.jpg,/objects/thumbs/img_2588_th.jpg
IMG_2589.jpg,/objects/IMG_2589.jpg,/objects/small/img_2589_sm.jpg,/objects/thumbs/img_2589_th.jpg
IMG_2590.jpg,/objects/IMG_2590.jpg,/objects/small/img_2590_sm.jpg,/objects/thumbs/img_2590_th.jpg
IMG_2591.jpg,/objects/IMG_2591.jpg,/objects/small/img_2591_sm.jpg,/objects/thumbs/img_2591_th.jpg
IMG_2592.jpg,/objects/IMG_2592.jpg,/objects/small/img_2592_sm.jpg,/objects/thumbs/img_2592_th.jpg
IMG_2593.jpg,/objects/IMG_2593.jpg,/objects/small/img_2593_sm.jpg,/objects/thumbs/img_2593_th.jpg
IMG_2594.jpg,/objects/IMG_2594.jpg,/objects/small/img_2594_sm.jpg,/objects/thumbs/img_2594_th.jpg
IMG_2595.jpg,/objects/IMG_2595.jpg,/objects/small/img_2595_sm.jpg,/objects/thumbs/img_2595_th.jpg
IMG_2596.jpg,/objects/IMG_2596.jpg,/objects/small/img_2596_sm.jpg,/objects/thumbs/img_2596_th.jpg
IMG_2597.jpg,/objects/IMG_2597.jpg,/objects/small/img_2597_sm.jpg,/objects/thumbs/img_2597_th.jpg
IMG_2598.jpg,/objects/IMG_2598.jpg,/objects/small/img_2598_sm.jpg,/objects/thumbs/img_2598_th.jpg
IMG_2599.jpg,/objects/IMG_2599.jpg,/objects/small/img_2599_sm.jpg,/objects/thumbs/img_2599_th.jpg
IMG_2600.jpg,/objects/IMG_2600.jpg,/objects/small/img_2600_sm.jpg,/objects/thumbs/img_2600_th.jpg
IMG_2601.jpg,/objects/IMG_2601.jpg,/objects/small/img_2601_sm.jpg,/objects/thumbs/img_2601_th.jpg
IMG_2602.jpg,/objects/IMG_2602.jpg,/objects/small/img_2602_sm.jpg,/objects/thumbs/img_2602_th.jpg
IMG_2603.jpg,/objects/IMG_2603.jpg,/objects/small/img_2603_sm.jpg,/objects/thumbs/img_2603_th.jpg
IMG_2604.jpg,/objects/IMG_2604.jpg,/objects/small/img_2604_sm.jpg,/objects/thumbs/img_2604_th.jpg
IMG_2605.jpg,/objects/IMG_2605.jpg,/objects/small/img_2605_sm.jpg,/objects/thumbs/img_2605_th.jpg
IMG_2606.jpg,/objects/IMG_2606.jpg,/objects/small/img_2606_sm.jpg,/objects/thumbs/img_2606_th.jpg
IMG_2608.jpg,/objects/IMG_2608.jpg,/objects/small/img_2608_sm.jpg,/objects/thumbs/img_2608_th.jpg
IMG_2609.jpg,/objects/IMG_2609.jpg,/objects/small/img_2609_sm.jpg,/objects/thumbs/img_2609_th.jpg
IMG_2610.jpg,/objects/IMG_2610.jpg,/objects/small/img_2610_sm.jpg,/objects/thumbs/img_2610_th.jpg
IMG_2611.jpg,/objects/IMG_2611.jpg,/objects/small/img_2611_sm.jpg,/objects/thumbs/img_2611_th.jpg
IMG_2612.jpg,/objects/IMG_2612.jpg,/objects/small/img_2612_sm.jpg,/objects/thumbs/img_2612_th.jpg
IMG_2613.jpg,/objects/IMG_2613.jpg,/objects/small/img_2613_sm.jpg,/objects/thumbs/img_2613_th.jpg
IMG_2614.jpg,/objects/IMG_2614.jpg,/objects/small/img_2614_sm.jpg,/objects/thumbs/img_2614_th.jpg
demo_001.jpg,/objects/demo_001.jpg,/objects/small/demo_001_sm.jpg,/objects/thumbs/demo_001_th.jpg
demo_002.pdf,/objects/demo_002.pdf,/objects/small/demo_002_sm.jpg,/objects/thumbs/demo_002_th.jpg
demo_003.mp3,/objects/demo_003.mp3,,
demo_004.jpg,/objects/demo_004.jpg,/objects/small/demo_004_sm.jpg,/objects/thumbs/demo_004_th.jpg
demo_005.txt,/objects/demo_005.txt,,
demo_012.md,/objects/demo_012.md,,
hells_half_theta.jpg,/objects/hells_half_theta.jpg,/objects/small/hells_half_theta_sm.jpg,/objects/thumbs/hells_half_theta_th.jpg
hughes_article.png,/objects/hughes_article.png,/objects/small/hughes_article_sm.jpg,/objects/thumbs/hughes_article_th.jpg
